"district","candidate_placement","candidate_name","candidate_answer_status","candidate_url","party","done","candidate_photo_url"
"Suðvestur",1,"Guðmundur Steingrímsson","cand ok","/kosningar2013/frambod/fulltrui/Gudmundur-Steingrimsson/","Björt framtíð",1,"/media/althingi/dv-gudmsteingr_jpg_310x400_crop_upscale_q95.jpg"
"Suðvestur",2,"Freyja Haraldsdóttir","cand ok","/kosningar2013/frambod/fulltrui/Freyja-Haraldsdottir/","Björt framtíð",1,"/media/althingi2013/frambjodendur/Freyja_Haraldsd%D0%B2ttir_jpg_310x400_crop_upscale_q95.jpg"
"Suðvestur",3,"Guðlaug Kristjánsdóttir","cand ok","/kosningar2013/frambod/fulltrui/Gudlaug-Kristjansdottir/","Björt framtíð",1,"/media/althingi2013/frambjodendur/Gulaug_Kristj%D0%B0nsd%D0%B2ttir_jpg_310x400_crop_upscale_q95.jpg"
"Suðvestur",4,"Erla Karlsdóttir","cand ok","/kosningar2013/frambod/fulltrui/Erla-Karlsdottir/","Björt framtíð",1,"/media/althingi2013/frambjodendur/Erla_Karlsd%D0%B2ttir_jpg_310x400_crop_upscale_q95.jpg"
"Suðvestur",5,"Pétur Óskarsson","cand ok","/kosningar2013/frambod/fulltrui/Petur-Oskarsson/","Björt framtíð",1,"/media/althingi2013/frambjodendur/P%D0%92tur_%D1%80skarsson_jpg_310x400_crop_upscale_q95.jpg"
"Suðvestur",1,"Bjarni Benediktsson","cand not","/kosningar2013/frambod/fulltrui/Bjarni-Benediktsson/","Sjálfstæðisflokkurinn",0,"/media/althingi2013/frambjodendur/DV_vantraust_15_jpg_310x400_crop_upscale_q95.jpg"
"Suðvestur",2,"Ragnheiður Ríkharðsdóttir","cand not","/kosningar2013/frambod/fulltrui/Ragnheidur-Rikhardsdottir/","Sjálfstæðisflokkurinn",0,"/media/althingi2013/frambjodendur/Ragnhei%C3%B0ur_R%C3%ADkhar%C3%B0sd%C3%B3ttir_2_jpg_310x400_crop_upscale_q95.jpg"
"Suðvestur",3,"Jón Gunnarsson","cand not","/kosningar2013/frambod/fulltrui/Jon-Gunnarsson/","Sjálfstæðisflokkurinn",0,"/media/althingi2013/frambjodendur/J%C3%B3n_Gunnarsson001_jpg_310x400_crop_upscale_q95.jpg"
"Suðvestur",4,"Vilhjálmur Bjarnason","cand ok","/kosningar2013/frambod/fulltrui/Vilhjalmur-Bjarnason/","Sjálfstæðisflokkurinn",1,"/media/althingi2013/frambjodendur/DV0810071227_jpg_310x400_crop_upscale_q95.jpg"
"Suðvestur",5,"Elín Hirst","cand ok","/kosningar2013/frambod/fulltrui/Elin-Hirst/","Sjálfstæðisflokkurinn",1,"/media/althingi2013/frambjodendur/DV1209196211-008_jpg_310x400_crop_upscale_q95.jpg"
"Suðvestur",1,"Árni Páll Árnason","cand not","/kosningar2013/frambod/fulltrui/Arni-Pall-Arnason/","Samfylkingin",0,"/media/althingi2013/frambjodendur/20120822_Eythor_ArniP%C3%A1ll-005_jpg_310x400_crop_upscale_q95.jpg"
"Suðvestur",2,"Katrín Júlíusdóttir","cand not","/kosningar2013/frambod/fulltrui/Katrin-Juliusdottir/","Samfylkingin",0,"/media/althingi2013/frambjodendur/DV_katrin__04_jpg_310x400_crop_upscale_q95.jpg"
"Suðvestur",3,"Magnús Orri Schram","cand ok","/kosningar2013/frambod/fulltrui/Magnus-Orri-Schram/","Samfylkingin",1,"/media/althingi2013/frambjodendur/DV0907029803_jpg_310x400_crop_upscale_q95.jpg"
"Suðvestur",4,"Margrét Gauja Magnúsdóttir","cand ok","/kosningar2013/frambod/fulltrui/Margret-Gauja-Magnusdottir/","Samfylkingin",1,"/media/althingi2013/frambjodendur/Margr%C3%A9t_Gauja_Magn%C3%BAsd%C3%B3ttir_jpg_310x400_crop_upscale_q95.jpg"
"Suðvestur",5,"Lúðvík Geirsson","cand ok","/kosningar2013/frambod/fulltrui/Ludvik-Geirsson/","Samfylkingin",1,"/media/althingi2013/frambjodendur/DV1930190307_Straumsv%C3%ADk_07_2_jpg_310x400_crop_upscale_q95.jpg"
"Suðvestur",1,"Eygló Harðardóttir","cand ok","/kosningar2013/frambod/fulltrui/Eyglo-Hardardottir/","Framsóknarflokkurinn",1,"/media/althingi2013/frambjodendur/DV1302076983_03_jpg_310x400_crop_upscale_q95.jpg"
"Suðvestur",2,"Willum Þór Þórsson","cand ok","/kosningar2013/frambod/fulltrui/Willum-THor-THorsson/","Framsóknarflokkurinn",1,"/media/althingi2013/frambjodendur/DV12507111007_Willum_%C3%A1_19_jpg_310x400_crop_upscale_q95.jpg"
"Suðvestur",3,"Þorsteinn Sæmundsson","cand ok","/kosningar2013/frambod/fulltrui/THorsteinn-Saemundsson/","Framsóknarflokkurinn",1,"/media/althingi2013/nopic.jpg"
"Suðvestur",4,"Sigurjón Norberg Kjærnested","cand ok","/kosningar2013/frambod/fulltrui/Sigurjon-Norberg-Kjaernested/","Framsóknarflokkurinn",1,"/media/althingi2013/frambjodendur/Sigurj%C3%B3n_Kj%C3%A6rnested_jpg_310x400_crop_upscale_q95.jpg"
"Suðvestur",5,"Ólöf Pálína Úlfarsdóttir","cand not","/kosningar2013/frambod/fulltrui/Olof-Palina-Ulfarsdottir/","Framsóknarflokkurinn",0,"/media/althingi2013/frambjodendur/%C3%93l%C3%B6f_P%C3%A1l%C3%ADna_%C3%9Alfarsd%C3%B3ttir_jpg_310x400_crop_upscale_q95.jpg"
"Suðvestur",1,"Ögmundur Jónasson","cand not","/kosningar2013/frambod/fulltrui/Ogmundur-Jonasson/","Vinstri græn",0,"/media/althingi2013/frambjodendur/DV120530374_05_1_jpg_310x400_crop_upscale_q95.jpg"
"Suðvestur",2,"Rósa Björk Brynjólfsdóttir","cand ok","/kosningar2013/frambod/fulltrui/Rosa-Bjork-Brynjolfsdottir/","Vinstri græn",1,"/media/althingi2013/frambjodendur/R%C3%B3sa_Bj%C3%B6rk_Brynj%C3%B3lfsd%C3%B3ttir_JPG_310x400_crop_upscale_q95.jpg"
"Suðvestur",3,"Ólafur Þór Gunnarsson","cand ok","/kosningar2013/frambod/fulltrui/Olafur-THor-Gunnarsson/","Vinstri græn",1,"/media/althingi2013/frambjodendur/%C3%93lafur_%C3%9E%C3%B3r_Gunnarsson_jpg_310x400_crop_upscale_q95.jpg"
"Suðvestur",4,"Guðbjörg Sveinsdóttir","cand ok","/kosningar2013/frambod/fulltrui/Gudbjorg-Sveinsdottir/","Vinstri græn",1,"/media/althingi2013/frambjodendur/DV1206051690-001_jpg_310x400_crop_upscale_q95.jpg"
"Suðvestur",5,"Garðar H. Guðjónsson","cand ok","/kosningar2013/frambod/fulltrui/Gardar-H-Gudjonsson/","Vinstri græn",1,"/media/althingi2013/frambjodendur/Gar%C3%B0ar_H._Gu%C3%B0j%C3%B3nsson_jpg_310x400_crop_upscale_q95.jpg"
"Suðvestur",1,"Margrét Tryggvadóttir","cand ok","/kosningar2013/frambod/fulltrui/Margret-Tryggvadottir/","Dögun",1,"/media/althingi2013/frambjodendur/margr%C3%A9t_tryggvad%C3%B3ttir_jpg_310x400_crop_upscale_q95.jpg"
"Suðvestur",2,"Álfheiður Eymarsdóttir","cand ok","/kosningar2013/frambod/fulltrui/Alfheidur-Eymarsdottir/","Dögun",1,"/media/althingi2013/frambjodendur/%C3%81lfhei%C3%B0ur_Eymarsd%C3%B3ttir_1_jpg_310x400_crop_upscale_q95.jpg"
"Suðvestur",3,"Jón Jósef Bjarnason","cand ok","/kosningar2013/frambod/fulltrui/Jon-Josef-Bjarnason/","Dögun",1,"/media/althingi2013/frambjodendur/DV0909037873_01_2_jpg_310x400_crop_upscale_q95.jpg"
"Suðvestur",4,"Baldvin Björgvinsson","cand ok","/kosningar2013/frambod/fulltrui/Baldvin-Bjorgvinsson/","Dögun",1,"/media/althingi2013/frambjodendur/Baldvin_Bj%C3%B6rgvinsson_jpg_310x400_crop_upscale_q95.jpg"
"Suðvestur",5,"Guðrún Lilja Guðmundsdóttir","cand ok","/kosningar2013/frambod/fulltrui/Gudrun-Lilja-Gudmundsdottir/","Dögun",1,"/media/althingi2013/frambjodendur/Gu%C3%B0r%C3%BAn_Lilja_Gu%C3%B0mundsd%C3%B3ttir_jpg_310x400_crop_upscale_q95.jpg"
"Suðvestur",1,"Birgitta Jónsdóttir","cand ok","/kosningar2013/frambod/fulltrui/Birgitta-Jonsdottir/","Píratar",1,"/media/althingi2013/frambjodendur/THS_20130329_031-Edit_jpg_310x400_crop_upscale_q95.jpg"
"Suðvestur",2,"Björn Leví Gunnarsson","cand ok","/kosningar2013/frambod/fulltrui/Bjorn-Levi-Gunnarsson/","Píratar",1,"/media/althingi2013/frambjodendur/THS_20130404_058-Edit_jpg_310x400_crop_upscale_q95.jpg"
"Suðvestur",3,"Hákon Einar Júlíusson","cand ok","/kosningar2013/frambod/fulltrui/Hakon-Einar-Juliusson/","Píratar",1,"/media/althingi2013/frambjodendur/THS_20130326_010-2_jpg_310x400_crop_upscale_q95.jpg"
"Suðvestur",4,"Árni Þór Þorgeirsson","cand ok","/kosningar2013/frambod/fulltrui/Arni-THor-THorgeirsson/","Píratar",1,"/media/althingi2013/frambjodendur/THS_20130326_111-Edit-2_jpg_310x400_crop_upscale_q95.jpg"
"Suðvestur",5,"Berglind Ósk Bergsdóttir","cand ok","/kosningar2013/frambod/fulltrui/Berglind-Osk-Bergsdottir/","Píratar",1,"/media/althingi2013/frambjodendur/THS_20130328_048-Edit-2_jpg_310x400_crop_upscale_q95.jpg"
"Suðvestur",1,"Lýður Árnason","cand ok","/kosningar2013/frambod/fulltrui/Lydur-Arnason/","Lýðræðisvaktin",1,"/media/althingi2013/frambjodendur/L%D1%8Cur_rnason_jpg_310x400_crop_upscale_q95.jpg"
"Suðvestur",2,"Ástrós Signýjardóttir","cand ok","/kosningar2013/frambod/fulltrui/Astros-Signyjardottir/","Lýðræðisvaktin",1,"/media/althingi2013/frambjodendur/str%D0%B2s_Sign%D1%8Cjard%D0%B2ttir_jpg_310x400_crop_upscale_q95.jpg"
"Suðvestur",3,"Friðrik Hansen Guðmundsson","cand ok","/kosningar2013/frambod/fulltrui/Fridrik-Hansen-Gudmundsson/","Lýðræðisvaktin",1,"/media/althingi2013/frambjodendur/Fririk_Hansen_Gumundsson_jpg_310x400_crop_upscale_q95.jpg"
"Suðvestur",4,"Guðrún Guðlaugsdóttir","cand ok","/kosningar2013/frambod/fulltrui/Gudrun-Gudlaugsdottir/","Lýðræðisvaktin",1,"/media/althingi2013/frambjodendur/Gur%D0%B3n_Gulaugsd%D0%B2ttir_jpg_310x400_crop_upscale_q95.jpg"
"Suðvestur",5,"Árni Stefán Árnason","cand not","/kosningar2013/frambod/fulltrui/Arni-Stefan-Arnason/","Lýðræðisvaktin",0,"/media/althingi2013/frambjodendur/rni_Stef%D0%B0n_rnason_jpg_310x400_crop_upscale_q95.jpg"
"Suðvestur",1,"Sigurjón Haraldsson","cand ok","/kosningar2013/frambod/fulltrui/sigurjon-haraldsson/","Hægri Grænir",1,"/media/althingi2013/frambjodendur/Sigurj%C3%B3n_Haraldsson_1sv_jpg_310x400_crop_upscale_q95.jpg"
"Suðvestur",2,"Týr Þórarinsson","cand ok","/kosningar2013/frambod/fulltrui/tyr-thorarinsson/","Hægri Grænir",1,"/media/althingi2013/frambjodendur/T%C3%BDr_%C3%9E%C3%B3rarinsson__2SV_jpg_310x400_crop_upscale_q95.jpg"
"Suðvestur",3,"Ástþór Óli Halldórsson","cand not","/kosningar2013/frambod/fulltrui/astthor-oli-halldorsson/","Hægri Grænir",0,"/media/althingi2013/frambjodendur/%C3%81st%C3%BE%C3%B3r_%C3%93li_Halld%C3%B3rsson_3SV_jpg_310x400_crop_upscale_q95.jpg"
"Suðvestur",4,"Helgi Helgason","cand not","/kosningar2013/frambod/fulltrui/helgi-helgason/","Hægri Grænir",0,"/media/althingi2013/frambjodendur/Helgi_Helgason_4SV_png_310x400_crop_upscale_q95.jpg"
"Suðvestur",5,"Böðvar Guðmundsson","cand ok","/kosningar2013/frambod/fulltrui/bodvar-gudmundsson/","Hægri Grænir",1,"/media/althingi2013/frambjodendur/B%C3%B6%C3%B0var_Gu%C3%B0mundsson_5SV_jpg_310x400_crop_upscale_q95.jpg"
"Norðaustur",1,"Brynhildur Pétursdóttir","cand ok","/kosningar2013/frambod/fulltrui/Brynhildur-Petursdottir/","Björt framtíð",1,"/media/althingi2013/frambjodendur/Brynhildur_P%D0%92tursd%D0%B2ttir_jpg_310x400_crop_upscale_q95.jpg"
"Norðaustur",2,"Preben Jón Pétursson","cand ok","/kosningar2013/frambod/fulltrui/Preben-Jon-Petursson/","Björt framtíð",1,"/media/althingi2013/frambjodendur/Preben_J%D0%B2n_P%D0%92tursson_jpg_310x400_crop_upscale_q95.jpg"
"Norðaustur",3,"Stefán Már Guðmundsson","cand ok","/kosningar2013/frambod/fulltrui/Stefan-Mar-Gudmundsson/","Björt framtíð",1,"/media/althingi2013/frambjodendur/Stef%D0%B0n_M%D0%B0r_Gumundsson_jpg_310x400_crop_upscale_q95.jpg"
"Norðaustur",4,"Hanna Sigrún Helgadóttir","cand ok","/kosningar2013/frambod/fulltrui/Hanna-Sigrun-Helgadottir/","Björt framtíð",1,"/media/althingi2013/frambjodendur/Hanna_Sigr%D0%B3n_Helgad%D0%B2ttir_jpg_310x400_crop_upscale_q95.jpg"
"Norðaustur",5,"Bragi S Björgvinsson","cand not","/kosningar2013/frambod/fulltrui/Bragi-S-Bjorgvinsson/","Björt framtíð",0,"/media/althingi2013/nopic.jpg"
"Norðaustur",1,"Kristján Þór Júlíusson","cand not","/kosningar2013/frambod/fulltrui/Kristjan-THor-Juliusson/","Sjálfstæðisflokkurinn",0,"/media/althingi2013/frambjodendur/DV5348220507_Valh%C3%B6ll_08_jpg_310x400_crop_upscale_q95.jpg"
"Norðaustur",2,"Valgerður Gunnarsdóttir","cand not","/kosningar2013/frambod/fulltrui/Valgerdur-Gunnarsdottir/","Sjálfstæðisflokkurinn",0,"/media/althingi2013/frambjodendur/Valger%C3%B0ur_Gunnarsd%C3%B3ttir_310x400_crop_upscale_q95.jpg"
"Norðaustur",3,"Ásta Kristín Sigurjónsdóttir","cand ok","/kosningar2013/frambod/fulltrui/Asta-Kristin-Sigurjonsdottir/","Sjálfstæðisflokkurinn",1,"/media/althingi2013/frambjodendur/%C3%81sta_Krist%C3%ADn_Sigurj%C3%B3nsd%C3%B3ttir_png_310x400_crop_upscale_q95.jpg"
"Norðaustur",4,"Jens Garðar Helgason","cand ok","/kosningar2013/frambod/fulltrui/Jens-Gardar-Helgason/","Sjálfstæðisflokkurinn",1,"/media/althingi2013/frambjodendur/Jens_Gar%C3%B0ar_Helgason_png_310x400_crop_upscale_q95.jpg"
"Norðaustur",5,"Erla S. Ragnarsdóttir","cand not","/kosningar2013/frambod/fulltrui/Erla-S-Ragnarsdottir/","Sjálfstæðisflokkurinn",0,"/media/althingi2013/frambjodendur/Erla_S._Ragnarsd%C3%B3ttir_png_310x400_crop_upscale_q95.jpg"
"Norðaustur",1,"Kristján L. Möller","cand not","/kosningar2013/frambod/fulltrui/Kristjan-L-Moller/","Samfylkingin",0,"/media/althingi2013/frambjodendur/DV4480070507_XS_Samfylkingin_37_jpg_310x400_crop_upscale_q95.jpg"
"Norðaustur",2,"Erna Indriðadóttir","cand not","/kosningar2013/frambod/fulltrui/Erna-Indridadottir/","Samfylkingin",0,"/media/althingi2013/frambjodendur/Erna_mars_2013_JPG_310x400_crop_upscale_q95.jpg"
"Norðaustur",3,"Jónína Rós Guðmundsdóttir","cand ok","/kosningar2013/frambod/fulltrui/Jonina-Ros-Gudmundsdottir/","Samfylkingin",1,"/media/althingi2013/frambjodendur/DV100204731_2_jpg_310x400_crop_upscale_q95.jpg"
"Norðaustur",4,"Sigmundur Ernir Rúnarsson","cand not","/kosningar2013/frambod/fulltrui/Sigmundur-Ernir-Runarsson/","Samfylkingin",0,"/media/althingi2013/frambjodendur/DV1210103089_02_jpg_310x400_crop_upscale_q95.jpg"
"Norðaustur",5,"Helena Þ. Karlsdóttir","cand not","/kosningar2013/frambod/fulltrui/Helena-TH-Karlsdottir/","Samfylkingin",0,"/media/althingi2013/frambjodendur/Helena_%C3%9E._Karlsd%C3%B3ttir_jpg_310x400_crop_upscale_q95.jpg"
"Norðaustur",1,"Sigmundur Davíð Gunnlaugsson","cand not","/kosningar2013/frambod/fulltrui/Sigmundur-David-Gunnlaugsson/","Framsóknarflokkurinn",0,"/media/althingi2013/frambjodendur/DV1302076983_09_jpg_310x400_crop_upscale_q95.jpg"
"Norðaustur",2,"Höskuldur  Þórhallsson","cand not","/kosningar2013/frambod/fulltrui/Hoskuldur-THorhallsson/","Framsóknarflokkurinn",0,"/media/althingi2013/frambjodendur/H%C3%B6skuldur_%C3%9E%C3%B3rhallsson_2_jpg_310x400_crop_upscale_q95.jpg"
"Norðaustur",3,"Líneik Anna Sævarsdóttir","cand ok","/kosningar2013/frambod/fulltrui/Lineik-Anna-Saevarsdottir/","Framsóknarflokkurinn",1,"/media/althingi2013/frambjodendur/L%C3%ADneik_Anna_S%C3%A6varsd%C3%B3ttir_jpeg_310x400_crop_upscale_q95.jpg"
"Norðaustur",4,"Þórunn Egilsdóttir","cand not","/kosningar2013/frambod/fulltrui/THorunn-Egilsdottir/","Framsóknarflokkurinn",0,"/media/althingi2013/frambjodendur/%C3%9E%C3%B3runn_Egilsd%C3%B3ttir_jpg_310x400_crop_upscale_q95.jpg"
"Norðaustur",5,"Hjálmar Bogi Hafliðason","cand ok","/kosningar2013/frambod/fulltrui/Hjalmar-Bogi-Haflidason/","Framsóknarflokkurinn",1,"/media/althingi2013/frambjodendur/IMG_7331klippt_jpg_310x400_crop_upscale_q95.jpg"
"Norðaustur",1,"Steingrímur J. Sigfússon","cand ok","/kosningar2013/frambod/fulltrui/Steingrimur-J-Sigfusson/","Vinstri græn",1,"/media/althingi2013/frambjodendur/DV_vantraust_11_jpg_310x400_crop_upscale_q95.jpg"
"Norðaustur",2,"Bjarkey Olsen Gunnarsdóttir","cand ok","/kosningar2013/frambod/fulltrui/Bjarkey-Olsen-Gunnarsdottir/","Vinstri græn",1,"/media/althingi2013/frambjodendur/bjarkey_310x400_crop_upscale_q95.jpg"
"Norðaustur",3,"Edward H. Huijbens","cand ok","/kosningar2013/frambod/fulltrui/Edward-H-Huijbens/","Vinstri græn",1,"/media/althingi2013/frambjodendur/Edward_H._Huijbens_jpg_310x400_crop_upscale_q95.jpg"
"Norðaustur",4,"Ingibjörg Þórðardóttir","cand ok","/kosningar2013/frambod/fulltrui/Ingibjorg-THordardottir/","Vinstri græn",1,"/media/althingi2013/frambjodendur/Ingibj%C3%B6rg_%C3%9E%C3%B3r%C3%B0ard%C3%B3ttir_jpg_310x400_crop_upscale_q95.jpg"
"Norðaustur",5,"Björn Halldórsson","cand ok","/kosningar2013/frambod/fulltrui/Bjorn-Halldorsson/","Vinstri græn",1,"/media/althingi2013/frambjodendur/VGna5_BjornHalldorssonkt1412565569_jpg_310x400_crop_upscale_q95.jpg"
"Norðaustur",1,"Gísli Tryggvason","cand ok","/kosningar2013/frambod/fulltrui/Gisli-Tryggvason/","Dögun",1,"/media/althingi2013/frambjodendur/DV15916080108_G%C3%ADsli_05_2_2_jpg_310x400_crop_upscale_q95.jpg"
"Norðaustur",2,"Kolbrún Eva Ríkharðsdóttir","cand ok","/kosningar2013/frambod/fulltrui/Kolbrun-Eva-Rikhardsdottir/","Dögun",1,"/media/althingi2013/frambjodendur/Kolbr%C3%BAn_Eva_R%C3%ADkhar%C3%B0sd%C3%B3ttir_jpg_310x400_crop_upscale_q95.jpg"
"Norðaustur",3,"Erling Ingvason","cand not","/kosningar2013/frambod/fulltrui/Erling-Ingvason/","Dögun",0,"/media/althingi2013/frambjodendur/erling_jpg_310x400_crop_upscale_q95.jpg"
"Norðaustur",4,"Hólmfríður Sólveig Haraldsdóttir","cand not","/kosningar2013/frambod/fulltrui/Holmfridur-Solveig-Haraldsdottir/","Dögun",0,"/media/althingi2013/frambjodendur/H%C3%B3lmfr%C3%AD%C3%B0ur_S%C3%B3lveig_Haraldsd%C3%B3ttir_jpg_310x400_crop_upscale_q95.jpg"
"Norðaustur",5,"Benedikt Sigurðarson","cand ok","/kosningar2013/frambod/fulltrui/Benedikt-Sigurdarson/","Dögun",1,"/media/althingi2013/frambjodendur/Benedikt_Sigur%C3%B0arson_jpg_310x400_crop_upscale_q95.jpg"
"Norðaustur",1,"Aðalheiður Ámundadóttir","cand ok","/kosningar2013/frambod/fulltrui/Adalheidur-Amundadottir/","Píratar",1,"/media/althingi2013/frambjodendur/Adalheidur_Amunda_130576-4359_jpg_310x400_crop_upscale_q95.jpg"
"Norðaustur",2,"Þórgnýr Thoroddsen","cand ok","/kosningar2013/frambod/fulltrui/THorgnyr-Thoroddsen/","Píratar",1,"/media/althingi2013/frambjodendur/Thorgnyr_Thoroddsen_250382-4649_jpg_310x400_crop_upscale_q95.jpg"
"Norðaustur",3,"Helgi Laxdal","cand ok","/kosningar2013/frambod/fulltrui/Helgi-Laxdal/","Píratar",1,"/media/althingi2013/nopic.jpg"
"Norðaustur",4,"Kristín Elfa Guðnadóttir","cand ok","/kosningar2013/frambod/fulltrui/Kristin-Elfa-Gudnadottir/","Píratar",1,"/media/althingi2013/nopic.jpg"
"Norðaustur",5,"Bjarki Sigursveinsson","cand ok","/kosningar2013/frambod/fulltrui/Bjarki-Sigursveinsson/","Píratar",1,"/media/althingi2013/frambjodendur/Bjarki_Sigursveins_0411824079_jpg_310x400_crop_upscale_q95.jpg"
"Norðaustur",1,"Sigríður Stefánsdóttir","cand ok","/kosningar2013/frambod/fulltrui/Sigridur-Stefansdottir/","Lýðræðisvaktin",1,"/media/althingi2013/frambjodendur/sigridurStefans_JPG_310x400_crop_upscale_q95.jpg"
"Norðaustur",2,"Þórður Már Jónsson","cand ok","/kosningar2013/frambod/fulltrui/THordur-Mar-Jonsson/","Lýðræðisvaktin",1,"/media/althingi2013/frambjodendur/%D1%88%D0%B2rur_M%D0%B0r_J%D0%B2nsson_jpg_310x400_crop_upscale_q95.jpg"
"Norðaustur",3,"Viðir Benediktsson","cand ok","/kosningar2013/frambod/fulltrui/Vidir-Benediktsson/","Lýðræðisvaktin",1,"/media/althingi2013/frambjodendur/vidir_jpg_310x400_crop_upscale_q95.jpg"
"Norðaustur",4,"Sigríður Lára Sigurjónsdóttir","cand not","/kosningar2013/frambod/fulltrui/Sigridur-Lara-Sigurjonsdottir/","Lýðræðisvaktin",0,"/media/althingi2013/frambjodendur/sigridurlarasigurjons_jpg_310x400_crop_upscale_q95.jpg"
"Norðaustur",5,"Oddur Sigurðsson","cand not","/kosningar2013/frambod/fulltrui/Oddur-Sigurdsson/","Lýðræðisvaktin",0,"/media/althingi2013/frambjodendur/oddurSig_jpg_310x400_crop_upscale_q95.jpg"
"Norðaustur",1,"Magnús Þórarinn Thorlacius","cand ok","/kosningar2013/frambod/fulltrui/magnus-thorarinn-thorlacius/","Hægri Grænir",1,"/media/althingi2013/frambjodendur/Magn%C3%BAs_%C3%9E%C3%B3rarinn_Thorlacius_1NA_jpg_310x400_crop_upscale_q95.jpg"
"Norðaustur",2,"Kolbeinn Aðalsteinsson","cand ok","/kosningar2013/frambod/fulltrui/kolbeinn-adalsteinsson/","Hægri Grænir",1,"/media/althingi2013/frambjodendur/Kolbeinn_A%C3%B0alsteinsson_2NA_jpg_310x400_crop_upscale_q95.jpg"
"Norðaustur",3,"Oddur Andri Thomasson Ahrens","cand ok","/kosningar2013/frambod/fulltrui/oddur-andri-thomasson-ahrens/","Hægri Grænir",1,"/media/althingi2013/frambjodendur/Oddur_Andri_Thomasson_Ahrens_3NA_jpg_310x400_crop_upscale_q95.jpg"
"Norðaustur",4,"Sigurður Hrafn Sigurðsson","cand ok","/kosningar2013/frambod/fulltrui/sigurdur-hrafn-sigurdsson/","Hægri Grænir",1,"/media/althingi2013/nopic.jpg"
"Norðaustur",5,"Jóhann Grétar Krøyer Gizurarson","cand not","/kosningar2013/frambod/fulltrui/johann-gretar-kryer-gizurarson/","Hægri Grænir",0,"/media/althingi2013/nopic.jpg"
"Reykjavík suður",1,"Róbert Marshall","cand ok","/kosningar2013/frambod/fulltrui/Robert-Marshall/","Björt framtíð",1,"/media/althingi2013/frambjodendur/R%D0%B2bert_Marshall_jpg_310x400_crop_upscale_q95.jpg"
"Reykjavík suður",2,"Óttarr Proppé","cand ok","/kosningar2013/frambod/fulltrui/Ottarr-Proppe/","Björt framtíð",1,"/media/althingi2013/frambjodendur/%D1%80ttarr_Propp%D0%92_jpg_310x400_crop_upscale_q95.jpg"
"Reykjavík suður",3,"Brynhildur S. Björnsdóttir","cand ok","/kosningar2013/frambod/fulltrui/Brynhildur-S-Bjornsdottir/","Björt framtíð",1,"/media/althingi2013/frambjodendur/Brynhildur_S._Bj%D0%A4rnsd%D0%B2ttir_jpg_310x400_crop_upscale_q95.jpg"
"Reykjavík suður",4,"Sigrún Gunnarsdóttir","cand ok","/kosningar2013/frambod/fulltrui/Sigrun-Gunnarsdottir/","Björt framtíð",1,"/media/althingi2013/frambjodendur/Sigr%D0%B3n_Gunnarsd%D0%B2ttir_jpg_310x400_crop_upscale_q95.jpg"
"Reykjavík suður",5,"Tryggvi Haraldsson","cand ok","/kosningar2013/frambod/fulltrui/Tryggvi-Haraldsson/","Björt framtíð",1,"/media/althingi2013/frambjodendur/Tryggvi_Haraldsson_jpg_310x400_crop_upscale_q95.jpg"
"Reykjavík suður",1,"Hanna Birna Kristjánsdóttir","cand ok","/kosningar2013/frambod/fulltrui/Hanna-Birna-Kristjansdottir/","Sjálfstæðisflokkurinn",1,"/media/althingi2013/frambjodendur/DV121211913_07_jpg_310x400_crop_upscale_q95.jpg"
"Reykjavík suður",2,"Pétur H. Blöndal","cand ok","/kosningar2013/frambod/fulltrui/Petur-H-Blondal/","Sjálfstæðisflokkurinn",1,"/media/althingi2013/frambjodendur/DV1202167807_08_jpg_310x400_crop_upscale_q95.jpg"
"Reykjavík suður",3,"Guðlaugur Þór Þórðarson","cand not","/kosningar2013/frambod/fulltrui/Gudlaugur-THor-THordarson/","Sjálfstæðisflokkurinn",0,"/media/althingi2013/frambjodendur/DV1003181041_08_jpg_310x400_crop_upscale_q95.jpg"
"Reykjavík suður",4,"Sigríður Á. Andersen","cand ok","/kosningar2013/frambod/fulltrui/Sigridur-A-Andersen/","Sjálfstæðisflokkurinn",1,"/media/althingi2013/frambjodendur/Sigr%C3%AD%C3%B0ur_%C3%81._Andersen_JPG_310x400_crop_upscale_q95.jpg"
"Reykjavík suður",5,"Áslaug María Friðriksdóttir","cand not","/kosningar2013/frambod/fulltrui/Aslaug-Maria-Fridriksdottir/","Sjálfstæðisflokkurinn",0,"/media/althingi2013/frambjodendur/%C3%81slaug_Mar%C3%ADa_Fri%C3%B0riksd%C3%B3ttir_jpg_310x400_crop_upscale_q95.jpg"
"Reykjavík suður",1,"Sigríður Ingibjörg Ingadóttir","cand ok","/kosningar2013/frambod/fulltrui/Sigridur-Ingibjorg-Ingadottir/","Samfylkingin",1,"/media/althingi2013/frambjodendur/DV1207189514-008_jpg_310x400_crop_upscale_q95.jpg"
"Reykjavík suður",2,"Helgi Hjörvar","cand not","/kosningar2013/frambod/fulltrui/Helgi-Hjorvar/","Samfylkingin",0,"/media/althingi2013/frambjodendur/DV1210249866_02_jpg_310x400_crop_upscale_q95.jpg"
"Reykjavík suður",3,"Björk Vilhelmsdóttir","cand ok","/kosningar2013/frambod/fulltrui/Bjork-Vilhelmsdottir/","Samfylkingin",1,"/media/althingi2013/frambjodendur/DV1210099445_07_jpg_310x400_crop_upscale_q95.jpg"
"Reykjavík suður",4,"Mörður Árnason","cand ok","/kosningar2013/frambod/fulltrui/Mordur-Arnason/","Samfylkingin",1,"/media/althingi2013/frambjodendur/M%C3%B6r%C3%B0ur_%C3%81rnason_jpg_310x400_crop_upscale_q95.jpg"
"Reykjavík suður",5,"Ósk Vilhjálmsdóttir","cand ok","/kosningar2013/frambod/fulltrui/Osk-Vilhjalmsdottir/","Samfylkingin",1,"/media/althingi2013/frambjodendur/DV2691010407_%C3%8Db%C3%BAal%C3%BD%C3%B0r%C3%A6%C3%B0i_%C3%AD_Hafnarfir%C3%B0i_4_jpg_310x400_crop_upscale_q95.jpg"
"Reykjavík suður",1,"Vigdís Hauksdóttir","cand ok","/kosningar2013/frambod/fulltrui/Vigdis-Hauksdottir/","Framsóknarflokkurinn",1,"/media/althingi2013/frambjodendur/DV_vigdis_05_jpg_310x400_crop_upscale_q95.jpg"
"Reykjavík suður",2,"Karl Garðarsson","cand ok","/kosningar2013/frambod/fulltrui/Karl-Gardarsson/","Framsóknarflokkurinn",1,"/media/althingi2013/frambjodendur/Karl_Gar%C3%B0arsson_jpg_310x400_crop_upscale_q95.jpg"
"Reykjavík suður",3,"Sveinbjörg Birna Sveinbjörnsdóttir","cand not","/kosningar2013/frambod/fulltrui/Sveinbjorg-Birna-Sveinbjornsdottir/","Framsóknarflokkurinn",0,"/media/althingi2013/nopic.jpg"
"Reykjavík suður",4,"Jóhanna Kristín Björnsdóttir","cand not","/kosningar2013/frambod/fulltrui/Johanna-Kristin-Bjornsdottir/","Framsóknarflokkurinn",0,"/media/althingi2013/nopic.jpg"
"Reykjavík suður",5,"Hafsteinn Ágústsson","cand ok","/kosningar2013/frambod/fulltrui/Hafsteinn-Agustsson/","Framsóknarflokkurinn",1,"/media/althingi2013/nopic.jpg"
"Reykjavík suður",1,"Svandís Svavarsdóttir","cand ok","/kosningar2013/frambod/fulltrui/Svandis-Svavarsdottir/","Vinstri græn",1,"/media/althingi2013/frambjodendur/DV1102174753_08_jpg_310x400_crop_upscale_q95.jpg"
"Reykjavík suður",2,"Álfheiður Ingadóttir","cand ok","/kosningar2013/frambod/fulltrui/Alfheidur-Ingadottir/","Vinstri græn",1,"/media/althingi2013/frambjodendur/DV_vantraust_14_jpg_310x400_crop_upscale_q95.jpg"
"Reykjavík suður",3,"Ingimar Karl Helgason","cand ok","/kosningar2013/frambod/fulltrui/Ingimar-Karl-Helgason/","Vinstri græn",1,"/media/althingi2013/frambjodendur/VGrvkS3_IngimarKarlHelgasonkt1005744039_jpg_310x400_crop_upscale_q95.jpg"
"Reykjavík suður",4,"Kristinn Schram","cand ok","/kosningar2013/frambod/fulltrui/Kristinn-Schram/","Vinstri græn",1,"/media/althingi2013/frambjodendur/Kristinn_Schram_jpg_310x400_crop_upscale_q95.jpg"
"Reykjavík suður",5,"Grímur Atlason","cand ok","/kosningar2013/frambod/fulltrui/Grimur-Atlason/","Vinstri græn",1,"/media/althingi2013/frambjodendur/DV20895300408_madurdagsins_0_2_jpg_310x400_crop_upscale_q95.jpg"
"Reykjavík suður",1,"Þórður Björn Sigurðsson","cand ok","/kosningar2013/frambod/fulltrui/THordur-Bjorn-Sigurdsson/","Dögun",1,"/media/althingi2013/frambjodendur/DV1303264832_02_jpg_310x400_crop_upscale_q95.jpg"
"Reykjavík suður",2,"Jóhannes Björn Lúðvíksson","cand ok","/kosningar2013/frambod/fulltrui/Johannes-Bjorn-Ludviksson/","Dögun",1,"/media/althingi2013/frambjodendur/J%C3%B3hannes_Bj%C3%B6rn_L%C3%BA%C3%B0v%C3%ADksson_jpg_310x400_crop_upscale_q95.jpg"
"Reykjavík suður",3,"Helga Þórðardóttir","cand ok","/kosningar2013/frambod/fulltrui/Helga-THordardottir/","Dögun",1,"/media/althingi2013/frambjodendur/Helga_%C3%9E%C3%B3r%C3%B0ard%C3%B3ttir_jpg_310x400_crop_upscale_q95.jpg"
"Reykjavík suður",4,"Rannveig Óskarsdóttir","cand ok","/kosningar2013/frambod/fulltrui/Rannveig-Oskarsdottir/","Dögun",1,"/media/althingi2013/frambjodendur/Rannveig_%C3%93skarsd%C3%B3ttir_jpg_310x400_crop_upscale_q95.jpg"
"Reykjavík suður",5,"Sigurður Jónas Eggertsson","cand ok","/kosningar2013/frambod/fulltrui/Sigurdur-Jonas-Eggertsson/","Dögun",1,"/media/althingi2013/frambjodendur/Sigur%C3%B0ur_J%C3%B3nas_Eggertsson_jpg_310x400_crop_upscale_q95.jpg"
"Reykjavík suður",1,"Jón Þór Ólafsson","cand ok","/kosningar2013/frambod/fulltrui/Jon-THor-Olafsson/","Píratar",1,"/media/althingi2013/frambjodendur/jon_thor_fjolmidlar_lit_jpg_310x400_crop_upscale_q95.jpg"
"Reykjavík suður",2,"Ásta Helgadóttir","cand ok","/kosningar2013/frambod/fulltrui/Asta-Helgadottir/","Píratar",1,"/media/althingi2013/frambjodendur/Asta_Helgadottir_050290-2129_jpg_310x400_crop_upscale_q95.jpg"
"Reykjavík suður",3,"Sigurbjörg Erla Egilsdóttir","cand ok","/kosningar2013/frambod/fulltrui/Sigurbjorg-Erla-Egilsdottir/","Píratar",1,"/media/althingi2013/frambjodendur/Sigurbjorg_Erla_181186-2839_jpg_310x400_crop_upscale_q95.jpg"
"Reykjavík suður",4,"Sigríður Fossberg Thorlacius","cand ok","/kosningar2013/frambod/fulltrui/Sigridur-Fossberg-Thorlacius/","Píratar",1,"/media/althingi2013/frambjodendur/Sigridur_Thorlacius_231087-2659_jpg_310x400_crop_upscale_q95.jpg"
"Reykjavík suður",5,"Arnaldur Sigurðarson","cand ok","/kosningar2013/frambod/fulltrui/Arnaldur-Sigurdarson/","Píratar",1,"/media/althingi2013/frambjodendur/Arnaldur_Sig_141087-3479_jpg_310x400_crop_upscale_q95.jpg"
"Reykjavík suður",1,"Þórhildur Þorleifsdóttir","cand ok","/kosningar2013/frambod/fulltrui/THorhildur-THorleifsdottir/","Lýðræðisvaktin",1,"/media/althingi2013/frambjodendur/%D1%88%D0%B2rhildur_%D1%88orleifsd%D0%B2ttir_jpg_310x400_crop_upscale_q95.jpg"
"Reykjavík suður",2,"Örn Bárður Jónsson","cand ok","/kosningar2013/frambod/fulltrui/Orn-Bardur-Jonsson/","Lýðræðisvaktin",1,"/media/althingi2013/frambjodendur/%D0%A9rn_B%D0%B0rur_J%D0%B2nsson_jpg_310x400_crop_upscale_q95.jpg"
"Reykjavík suður",3,"Íris Erlingsdóttir","cand ok","/kosningar2013/frambod/fulltrui/Iris-Erlingsdottir/","Lýðræðisvaktin",1,"/media/althingi2013/frambjodendur/ris_Erlingsd%D0%B2ttir_JPG_310x400_crop_upscale_q95.jpg"
"Reykjavík suður",4,"Guðbjörn Guðbjörnsson","cand ok","/kosningar2013/frambod/fulltrui/Gudbjorn-Gudbjornsson/","Lýðræðisvaktin",1,"/media/althingi2013/frambjodendur/Gubj%D0%A4rn_Gubj%D0%A4rnsson_jpg_310x400_crop_upscale_q95.jpg"
"Reykjavík suður",5,"Jónas Guðmundsson","cand ok","/kosningar2013/frambod/fulltrui/Jonas-Gudmundsson/","Lýðræðisvaktin",1,"/media/althingi2013/frambjodendur/J%D0%B2nas_Gumundsson_jpg_310x400_crop_upscale_q95.jpg"
"Reykjavík suður",1,"Jón E Árnason","cand ok","/kosningar2013/frambod/fulltrui/jon-e-arnason/","Hægri Grænir",1,"/media/althingi2013/frambjodendur/J%C3%B3n_E_%C3%81rnason_1RVKS_JPG_310x400_crop_upscale_q95.jpg"
"Reykjavík suður",2,"Pétur Fjeldsted Einarsson","cand not","/kosningar2013/frambod/fulltrui/petur-fjeldsted-einarsson/","Hægri Grænir",0,"/media/althingi2013/frambjodendur/P%C3%A9tur_Fjeldsted_Einarsson_2RVKS_jpg_310x400_crop_upscale_q95.jpg"
"Reykjavík suður",3,"Sigurður Ingólfsson","cand ok","/kosningar2013/frambod/fulltrui/sigurdur-ingolfsson/","Hægri Grænir",1,"/media/althingi2013/frambjodendur/Sigur%C3%B0ur_Ing%C3%B3lfsson_3RVKS_jpg_310x400_crop_upscale_q95.jpg"
"Reykjavík suður",4,"Katrín Guðjónsson","cand ok","/kosningar2013/frambod/fulltrui/katrin-gudjonsson/","Hægri Grænir",1,"/media/althingi2013/frambjodendur/Katr%C3%ADn_Gu%C3%B0j%C3%B3nsd%C3%B3ttir_4RVKS_jpg_310x400_crop_upscale_q95.jpg"
"Reykjavík suður",5,"Kristján Árni Kristjánsson","cand not","/kosningar2013/frambod/fulltrui/kristjan-arni-kristjansson/","Hægri Grænir",0,"/media/althingi2013/frambjodendur/Kristj%C3%A1n_%C3%81rni_Kristj%C3%A1nsson_5RVKS_jpg_310x400_crop_upscale_q95.jpg"
"Norðvestur",1,"Árni Múli Jónasson","cand ok","/kosningar2013/frambod/fulltrui/Arni-Muli-Jonasson/","Björt framtíð",1,"/media/althingi2013/nopic.jpg"
"Norðvestur",2,"G. Valdimar Valdemarsson","cand ok","/kosningar2013/frambod/fulltrui/G-Valdimar-Valdemarsson/","Björt framtíð",1,"/media/althingi2013/frambjodendur/G._Valdimar_Valdemarsson_jpg_310x400_crop_upscale_q95.jpg"
"Norðvestur",3,"Solveig Thorlacius","cand ok","/kosningar2013/frambod/fulltrui/Solveig-Thorlacius/","Björt framtíð",1,"/media/althingi2013/frambjodendur/Solveig_Thorlacius_jpg_310x400_crop_upscale_q95.jpg"
"Norðvestur",4,"Magnús Þór Jónsson","cand ok","/kosningar2013/frambod/fulltrui/Magnus-THor-Jonsson/","Björt framtíð",1,"/media/althingi2013/frambjodendur/Magn%D0%B3s_%D1%88%D0%B2r_J%D0%B2nsson_jpg_310x400_crop_upscale_q95.jpg"
"Norðvestur",5,"Soffía Vagnsdóttir","cand not","/kosningar2013/frambod/fulltrui/Soffia-Vagnsdottir/","Björt framtíð",0,"/media/althingi2013/frambjodendur/Soff%D0%B1a_Vagnsd%D0%B2ttir_jpg_310x400_crop_upscale_q95.jpg"
"Norðvestur",1,"Einar Kristinn Guðfinnsson","cand not","/kosningar2013/frambod/fulltrui/Einar-Kristinn-Gudfinnsson/","Sjálfstæðisflokkurinn",0,"/media/althingi2013/frambjodendur/Einar_Gu%C3%B0finnsson_jpg_310x400_crop_upscale_q95.jpg"
"Norðvestur",2,"Haraldur Benediktsson","cand not","/kosningar2013/frambod/fulltrui/Haraldur-Benediktsson/","Sjálfstæðisflokkurinn",0,"/media/althingi2013/frambjodendur/DV1103067801_01_jpg_310x400_crop_upscale_q95.jpg"
"Norðvestur",3,"Eyrún Ingibjörg Sigþórsdóttir","cand not","/kosningar2013/frambod/fulltrui/Eyrun-Ingibjorg-Sigthorsdottir/","Sjálfstæðisflokkurinn",0,"/media/althingi2013/frambjodendur/Eyr%C3%BAn_Ingibj%C3%B6rg_Sig%C3%BE%C3%B3rsd%C3%B3ttir_jpg_310x400_crop_upscale_q95.jpg"
"Norðvestur",4,"Sigurður Örn Ágústsson","cand ok","/kosningar2013/frambod/fulltrui/Sigurdur-Orn-Agustsson/","Sjálfstæðisflokkurinn",1,"/media/althingi2013/frambjodendur/Sigur%C3%B0ur_%C3%96rn_%C3%81g%C3%BAstsson_jpg_310x400_crop_upscale_q95.jpg"
"Norðvestur",5,"Sara Katrín Stefánsdóttir","cand ok","/kosningar2013/frambod/fulltrui/Sara-Katrin-Stefansdottir/","Sjálfstæðisflokkurinn",1,"/media/althingi2013/frambjodendur/Sara_Katr%C3%ADn_jpg_310x400_crop_upscale_q95.jpg"
"Norðvestur",1,"Guðbjartur Hannesson","cand ok","/kosningar2013/frambod/fulltrui/Gudbjartur-Hannesson/","Samfylkingin",1,"/media/althingi2013/frambjodendur/DV1209302783_jpg_310x400_crop_upscale_q95.jpg"
"Norðvestur",2,"Ólína Þorvarðardóttir","cand ok","/kosningar2013/frambod/fulltrui/Olina-THorvardardottir/","Samfylkingin",1,"/media/althingi2013/frambjodendur/nordvestur_2_%C3%93l%C3%ADna%C3%9Eorvar%C3%B0ard%C3%B3ttir_jpg_310x400_crop_upscale_q95.jpg"
"Norðvestur",3,"Hörður Ríkharðsson","cand ok","/kosningar2013/frambod/fulltrui/Hordur-Rikhardsson/","Samfylkingin",1,"/media/althingi2013/frambjodendur/H%C3%B6r%C3%B0ur_R%C3%ADkhar%C3%B0sson_jpg_310x400_crop_upscale_q95.jpg"
"Norðvestur",4,"Hlédís Sveinsdóttir","cand ok","/kosningar2013/frambod/fulltrui/Hledis-Sveinsdottir/","Samfylkingin",1,"/media/althingi2013/frambjodendur/Hl%C3%A9d%C3%ADs_Sveinsd%C3%B3ttir_jpg_310x400_crop_upscale_q95.jpg"
"Norðvestur",5,"Garðar Svansson","cand ok","/kosningar2013/frambod/fulltrui/Gardar-Svansson/","Samfylkingin",1,"/media/althingi2013/frambjodendur/_MG_0151-1_jpg_310x400_crop_upscale_q95.jpg"
"Norðvestur",1,"Gunnar Bragi Sveinsson","cand not","/kosningar2013/frambod/fulltrui/Gunnar-Bragi-Sveinsson/","Framsóknarflokkurinn",0,"/media/althingi2013/frambjodendur/Gunnar_Bragi_Sveinsson_jpg_310x400_crop_upscale_q95.jpg"
"Norðvestur",2,"Ásmundur Einar Daðason","cand not","/kosningar2013/frambod/fulltrui/Asmundur-Einar-Dadason/","Framsóknarflokkurinn",0,"/media/althingi2013/frambjodendur/DV0907227120_22_jpg_310x400_crop_upscale_q95.jpg"
"Norðvestur",3,"Elsa Lára Arnardóttir","cand ok","/kosningar2013/frambod/fulltrui/Elsa-Lara-Arnardottir/","Framsóknarflokkurinn",1,"/media/althingi2013/frambjodendur/Elsa_L%C3%A1ra_Arnard%C3%B3ttir_jpg_310x400_crop_upscale_q95.jpg"
"Norðvestur",4,"Jóhanna M. Sigmundsdóttir","cand not","/kosningar2013/frambod/fulltrui/Johanna-M-Sigmundsdottir/","Framsóknarflokkurinn",0,"/media/althingi2013/nopic.jpg"
"Norðvestur",5,"Sigurður Páll Jónsson","cand not","/kosningar2013/frambod/fulltrui/Sigurdur-Pall-Jonsson/","Framsóknarflokkurinn",0,"/media/althingi2013/nopic.jpg"
"Norðvestur",1,"Lilja Rafney Magnúsdóttir","cand ok","/kosningar2013/frambod/fulltrui/Lilja-Rafney-Magnusdottir/","Vinstri græn",1,"/media/althingi2013/frambjodendur/Lilja_Rafney_Magn%C3%BAsd%C3%B3ttir_jpg_310x400_crop_upscale_q95.jpg"
"Norðvestur",2,"Lárus Ástmar Hannesson","cand ok","/kosningar2013/frambod/fulltrui/Larus-Astmar-Hannesson/","Vinstri græn",1,"/media/althingi2013/frambjodendur/VGnv2_Larus%C3%81stmarHannessonkt_0507664199_jpg_310x400_crop_upscale_q95.jpg"
"Norðvestur",3,"Þóra Geirlaug Bjartmarsdóttir","cand ok","/kosningar2013/frambod/fulltrui/THora-Geirlaug-Bjartmarsdottir/","Vinstri græn",1,"/media/althingi2013/frambjodendur/%C3%9E%C3%B3ra_Geirlaug_Bjartmarsd%C3%B3ttir_jpg_310x400_crop_upscale_q95.jpg"
"Norðvestur",4,"Matthías Lýðsson","cand ok","/kosningar2013/frambod/fulltrui/Matthias-Lydsson/","Vinstri græn",1,"/media/althingi2013/frambjodendur/VGnv4_MatthiasLydssonkt1907572859_jpg_310x400_crop_upscale_q95.jpg"
"Norðvestur",5,"Reynir Eyvindsson","cand ok","/kosningar2013/frambod/fulltrui/Reynir-Eyvindsson/","Vinstri græn",1,"/media/althingi2013/frambjodendur/VGnv5_ReynirEyvindssonkt1903634149_jpg_310x400_crop_upscale_q95.jpg"
"Norðvestur",1,"Guðrún Dadda Ásmundardóttir","cand ok","/kosningar2013/frambod/fulltrui/Gudrun-Dadda-Asmundardottir/","Dögun",1,"/media/althingi2013/frambjodendur/Gu%C3%B0r%C3%BAn_Dadda_jpg_310x400_crop_upscale_q95.jpg"
"Norðvestur",2,"Guðjón Arnar Kristjánsson","cand not","/kosningar2013/frambod/fulltrui/Gudjon-Arnar-Kristjansson/","Dögun",0,"/media/althingi2013/frambjodendur/gu%C3%B0j%C3%B3n_arnar_jpg_310x400_crop_upscale_q95.jpg"
"Norðvestur",3,"Brynjólfur Tómasson","cand ok","/kosningar2013/frambod/fulltrui/Brynjolfur-Tomasson/","Dögun",1,"/media/althingi2013/frambjodendur/brynj%C3%B3lfur_t%C3%B3masson_jpg_310x400_crop_upscale_q95.jpg"
"Norðvestur",4,"Ásthildur Cesil Þórðardóttir","cand ok","/kosningar2013/frambod/fulltrui/Asthildur-Cesil-THordardottir/","Dögun",1,"/media/althingi2013/frambjodendur/%C3%81sthildur_Cesil_%C3%9E%C3%B3r%C3%B0ard%C3%B3ttir_jpg_310x400_crop_upscale_q95.jpg"
"Norðvestur",5,"Sigurjón Þórðarson","cand ok","/kosningar2013/frambod/fulltrui/Sigurjon-THordarson/","Dögun",1,"/media/althingi2013/frambjodendur/Sigurj%C3%B3n_%C3%9E%C3%B3r%C3%B0arson_jpg_310x400_crop_upscale_q95.jpg"
"Norðvestur",1,"Hildur Sif Thorarensen","cand ok","/kosningar2013/frambod/fulltrui/Hildur-Sif-Thorarensen/","Píratar",1,"/media/althingi2013/frambjodendur/Hildur_Sif_300184-2439_jpg_310x400_crop_upscale_q95.jpg"
"Norðvestur",2,"Herbert Snorrason","cand ok","/kosningar2013/frambod/fulltrui/Herbert-Snorrason/","Píratar",1,"/media/althingi2013/frambjodendur/Herbert_Snorrason_181085-2909_jpg_310x400_crop_upscale_q95.jpg"
"Norðvestur",3,"Guðrún Ágústa Þórdísardóttir","cand ok","/kosningar2013/frambod/fulltrui/Gudrun-Agusta-THordisardottir/","Píratar",1,"/media/althingi2013/frambjodendur/Gudrun_Agusta_120762-5599_jpg_310x400_crop_upscale_q95.jpg"
"Norðvestur",4,"Stefán Vignir Skarphéðinsson","cand ok","/kosningar2013/frambod/fulltrui/Stefan-Vignir-Skarphedinsson/","Píratar",1,"/media/althingi2013/frambjodendur/Stefan_Vignir_121285-3399_jpg_310x400_crop_upscale_q95.jpg"
"Norðvestur",5,"Tómas Árni Jónasson","cand ok","/kosningar2013/frambod/fulltrui/Tomas-Arni-Jonasson/","Píratar",1,"/media/althingi2013/frambjodendur/Tomas_Arni_060985-2359_jpg_310x400_crop_upscale_q95.jpg"
"Norðvestur",1,"Eyþór Jóvinsson","cand ok","/kosningar2013/frambod/fulltrui/Eythor-Jovinsson/","Lýðræðisvaktin",1,"/media/althingi2013/frambjodendur/Ey%D1%87%D0%B2r_J%D0%B2vinsson_jpg_310x400_crop_upscale_q95.jpg"
"Norðvestur",2,"Lúðvík Kaaber","cand ok","/kosningar2013/frambod/fulltrui/Ludvik-Kaaber/","Lýðræðisvaktin",1,"/media/althingi2013/frambjodendur/ludvik-nota_jpg_310x400_crop_upscale_q95.jpg"
"Norðvestur",3,"Sólrún Jóhannesdóttir","cand ok","/kosningar2013/frambod/fulltrui/Solrun-Johannesdottir/","Lýðræðisvaktin",1,"/media/althingi2013/frambjodendur/Solrun_Johannesdottir_xL_png_310x400_crop_upscale_q95.jpg"
"Norðvestur",4,"Elínborg Halldórsdóttir","cand not","/kosningar2013/frambod/fulltrui/Elinborg-Halldorsdottir/","Lýðræðisvaktin",0,"/media/althingi2013/frambjodendur/El%C3%ADnborg_Halld%C3%B3rsd%C3%B3ttir_jpg_310x400_crop_upscale_q95.jpg"
"Norðvestur",5,"Ólöf Dómhildur Jóhannsdóttir ","cand ok","/kosningar2013/frambod/fulltrui/Olof-Domhildur-Johannsdottir-/","Lýðræðisvaktin",1,"/media/althingi2013/frambjodendur/olof_jpg_310x400_crop_upscale_q95.jpg"
"Norðvestur",1,"Íris Dröfn Kristjánsdóttir","cand ok","/kosningar2013/frambod/fulltrui/iris-drofn-kristjansdottir/","Hægri Grænir",1,"/media/althingi2013/frambjodendur/%C3%8Dris_Dr%C3%B6fn_Kristj%C3%A1nsd%C3%B3ttir_1NV_JPG_310x400_crop_upscale_q95.jpg"
"Norðvestur",2,"Þorsteinn Steingrímsson","cand not","/kosningar2013/frambod/fulltrui/thorsteinn-steingrimsson/","Hægri Grænir",0,"/media/althingi2013/nopic.jpg"
"Norðvestur",3,"Jón Ingi Magnússon","cand not","/kosningar2013/frambod/fulltrui/jon-ingi-magnusson/","Hægri Grænir",0,"/media/althingi2013/frambjodendur/J%C3%B3n_Ingi_Magn%C3%BAsson_3NV_jpg_310x400_crop_upscale_q95.jpg"
"Norðvestur",4,"Jón Gíslason","cand not","/kosningar2013/frambod/fulltrui/jon-gislason/","Hægri Grænir",0,"/media/althingi2013/frambjodendur/J%C3%B3n_G%C3%ADslason_4NV_jpg_310x400_crop_upscale_q95.jpg"
"Norðvestur",5,"Haraldur Kristján Ólason","cand not","/kosningar2013/frambod/fulltrui/haraldur-kristjan-olason/","Hægri Grænir",0,"/media/althingi2013/frambjodendur/Haraldur_Kristj%C3%A1n_%C3%93lason_5NV_JPG_310x400_crop_upscale_q95.jpg"
"Suður",1,"Páll Valur Björnsson","cand ok","/kosningar2013/frambod/fulltrui/Pall-Valur-Bjornsson/","Björt framtíð",1,"/media/althingi2013/frambjodendur/P%D0%B0ll_Valur_Bj%D0%A4rnsson_jpg_310x400_crop_upscale_q95.jpg"
"Suður",2,"Guðlaug Elísabet Finnsdóttir","cand ok","/kosningar2013/frambod/fulltrui/Gudlaug-Elisabet-Finnsdottir/","Björt framtíð",1,"/media/althingi2013/frambjodendur/Gulaug_El%D0%B1sabet_Finnsd%D0%B2ttir_jpg_310x400_crop_upscale_q95.jpg"
"Suður",3,"Heimir Eyvindarson","cand ok","/kosningar2013/frambod/fulltrui/Heimir-Eyvindarson/","Björt framtíð",1,"/media/althingi2013/frambjodendur/Heimir_Eyvindarson_jpg_310x400_crop_upscale_q95.jpg"
"Suður",4,"Guðfinna Gunnarsdóttir","cand ok","/kosningar2013/frambod/fulltrui/Gudfinna-Gunnarsdottir/","Björt framtíð",1,"/media/althingi2013/frambjodendur/Gufinna_Gunnarsd%D0%B2ttir_jpg_310x400_crop_upscale_q95.jpg"
"Suður",5,"Jóhanna Ýr Jónsdóttir","cand ok","/kosningar2013/frambod/fulltrui/Johanna-Yr-Jonsdottir/","Björt framtíð",1,"/media/althingi2013/nopic.jpg"
"Suður",1,"Ragnheiður Elín Árnadóttir","cand not","/kosningar2013/frambod/fulltrui/Ragnheidur-Elin-Arnadottir/","Sjálfstæðisflokkurinn",0,"/media/althingi2013/frambjodendur/Ragnhei%C3%B0ur_El%C3%ADn_%C3%81rnad%C3%B3ttir_2_jpg_310x400_crop_upscale_q95.jpg"
"Suður",2,"Unnur Brá Konnráðsdóttir","cand not","/kosningar2013/frambod/fulltrui/Unnur-Bra-Konnradsdottir/","Sjálfstæðisflokkurinn",0,"/media/althingi2013/frambjodendur/unnur_bra_jpg_310x400_crop_upscale_q95.jpg"
"Suður",3,"Ásmundur Friðriksson","cand not","/kosningar2013/frambod/fulltrui/Asmundur-Fridriksson/","Sjálfstæðisflokkurinn",0,"/media/althingi2013/frambjodendur/DV1302131557_06_jpg_310x400_crop_upscale_q95.jpg"
"Suður",4,"Vilhjálmur Árnason","cand ok","/kosningar2013/frambod/fulltrui/Vilhjalmur-Arnason/","Sjálfstæðisflokkurinn",1,"/media/althingi2013/frambjodendur/Vilhj%C3%A1lmur_%C3%81rnason_png_310x400_crop_upscale_q95.jpg"
"Suður",5,"Geir Jón Þórisson","cand not","/kosningar2013/frambod/fulltrui/Geir-Jon-THorisson/","Sjálfstæðisflokkurinn",0,"/media/althingi2013/frambjodendur/DV1109211223-025_jpg_310x400_crop_upscale_q95.jpg"
"Suður",1,"Oddný G. Harðardóttir","cand ok","/kosningar2013/frambod/fulltrui/Oddny-G-Hardardottir/","Samfylkingin",1,"/media/althingi2013/frambjodendur/DV1209199437_02_jpg_310x400_crop_upscale_q95.jpg"
"Suður",2,"Björgvin G. Sigurðsson","cand not","/kosningar2013/frambod/fulltrui/Bjorgvin-G-Sigurdsson/","Samfylkingin",0,"/media/althingi2013/frambjodendur/09012501_bjorgvin_03_2_jpg_310x400_crop_upscale_q95.jpg"
"Suður",3,"Arna Ír Gunnarsdóttir","cand not","/kosningar2013/frambod/fulltrui/Arna-Ir-Gunnarsdottir/","Samfylkingin",0,"/media/althingi2013/frambjodendur/Arna_Ir_jpeg_310x400_crop_upscale_q95.jpg"
"Suður",4,"Árni Rúnar Þorvaldsson","cand not","/kosningar2013/frambod/fulltrui/Arni-Runar-THorvaldsson/","Samfylkingin",0,"/media/althingi2013/frambjodendur/%C3%81rni_R%C3%BAnar_%C3%9Eorvaldsson_jpg_310x400_crop_upscale_q95.jpg"
"Suður",5,"Ólafur Þór Ólafsson","cand ok","/kosningar2013/frambod/fulltrui/Olafur-THor-Olafsson/","Samfylkingin",1,"/media/althingi2013/frambjodendur/%C3%93lafur_%C3%9E%C3%B3r_%C3%93lafsson_jpg_310x400_crop_upscale_q95.jpg"
"Suður",1,"Sigurður Ingi Jóhannsson","cand not","/kosningar2013/frambod/fulltrui/Sigurdur-Ingi-Johannsson/","Framsóknarflokkurinn",0,"/media/althingi2013/frambjodendur/DV090313910_2_jpg_310x400_crop_upscale_q95.jpg"
"Suður",2,"Silja Dögg Gunnarsdóttir","cand ok","/kosningar2013/frambod/fulltrui/Silja-Dogg-Gunnarsdottir/","Framsóknarflokkurinn",1,"/media/althingi2013/frambjodendur/Silja_D%C3%B6gg_Gunnarsd%C3%B3ttir_jpg_310x400_crop_upscale_q95.jpg"
"Suður",3,"Páll Jóhann Pálsson","cand not","/kosningar2013/frambod/fulltrui/Pall-Johann-Palsson/","Framsóknarflokkurinn",0,"/media/althingi2013/nopic.jpg"
"Suður",4,"Haraldur Einarsson","cand not","/kosningar2013/frambod/fulltrui/Haraldur-Einarsson/","Framsóknarflokkurinn",0,"/media/althingi2013/nopic.jpg"
"Suður",5,"Fjóla Hrund Björnsdóttir","cand not","/kosningar2013/frambod/fulltrui/Fjola-Hrund-Bjornsdottir/","Framsóknarflokkurinn",0,"/media/althingi2013/nopic.jpg"
"Suður",1,"Arndís Soffía Sigurðardóttir","cand ok","/kosningar2013/frambod/fulltrui/Arndis-Soffia-Sigurdardottir/","Vinstri græn",1,"/media/althingi2013/frambjodendur/Arnd%C3%ADs_Soff%C3%ADa_Sigur%C3%B0ard%C3%B3ttir_jpg_310x400_crop_upscale_q95.jpg"
"Suður",2,"Inga Sigrún Atladóttir","cand ok","/kosningar2013/frambod/fulltrui/Inga-Sigrun-Atladottir/","Vinstri græn",1,"/media/althingi2013/frambjodendur/Inga_Sigr%C3%BAn_Atlad%C3%B3ttir_jpg_310x400_crop_upscale_q95.jpg"
"Suður",3,"Þórbergur Torfason","cand ok","/kosningar2013/frambod/fulltrui/THorbergur-Torfason/","Vinstri græn",1,"/media/althingi2013/frambjodendur/VGs3_TorbergurTorfasonkt1203547449_jpg_310x400_crop_upscale_q95.jpg"
"Suður",4,"Einar Bergmundur Arnbjörnsson","cand ok","/kosningar2013/frambod/fulltrui/Einar-Bergmundur-Arnbjornsson/","Vinstri græn",1,"/media/althingi2013/frambjodendur/VGs4_EinarBergmundurArnbj%C3%B6rnssonkt1203547449_jpg_310x400_crop_upscale_q95.jpg"
"Suður",5,"Jórunn Einarsdóttir","cand ok","/kosningar2013/frambod/fulltrui/Jorunn-Einarsdottir/","Vinstri græn",1,"/media/althingi2013/frambjodendur/J%C3%B3runn_Einarsd%C3%B3ttir_jpg_310x400_crop_upscale_q95.jpg"
"Suður",1,"Andrea Ólafsdóttir","cand ok","/kosningar2013/frambod/fulltrui/Andrea-Olafsdottir/","Dögun",1,"/media/althingi2013/frambjodendur/andrea_jpg_310x400_crop_upscale_q95.jpg"
"Suður",2,"Þorvaldur Geirsson","cand not","/kosningar2013/frambod/fulltrui/THorvaldur-Geirsson/","Dögun",0,"/media/althingi2013/frambjodendur/%C3%9Eorvaldur_Geirsson_jpg_310x400_crop_upscale_q95.jpg"
"Suður",3,"Þráinn Guðbjörnsson","cand ok","/kosningar2013/frambod/fulltrui/THrainn-Gudbjornsson/","Dögun",1,"/media/althingi2013/frambjodendur/%C3%9Er%C3%A1inn_Gu%C3%B0bj%C3%B6rnsson_jpg_310x400_crop_upscale_q95.jpg"
"Suður",4,"Guðrún Ág.Ágústsdóttir","cand ok","/kosningar2013/frambod/fulltrui/Gudrun-Ag-Agustsdottir/","Dögun",1,"/media/althingi2013/frambjodendur/Gu%C3%B0r%C3%BAn_%C3%81g.%C3%81g%C3%BAstsd%C3%B3ttir_jpg_310x400_crop_upscale_q95.jpg"
"Suður",5,"Þór Saari","cand ok","/kosningar2013/frambod/fulltrui/THor-Saari/","Dögun",1,"/media/althingi2013/frambjodendur/DV1203149311_01_jpg_310x400_crop_upscale_q95.jpg"
"Suður",1,"Smári McCarthy","cand ok","/kosningar2013/frambod/fulltrui/Smari-McCarthy/","Píratar",1,"/media/althingi2013/frambjodendur/Smari_McCarthy_070284-2789_jpg_310x400_crop_upscale_q95.jpg"
"Suður",2,"Halldór Berg Harðarson","cand ok","/kosningar2013/frambod/fulltrui/Halldor-Berg-Hardarson/","Píratar",1,"/media/althingi2013/frambjodendur/eg1_jpg_310x400_crop_upscale_q95.jpg"
"Suður",3,"Björn Þór Jóhannesson","cand ok","/kosningar2013/frambod/fulltrui/Bjorn-THor-Johannesson/","Píratar",1,"/media/althingi2013/frambjodendur/Bjorn_Thor_020779-3149_jpg_310x400_crop_upscale_q95.jpg"
"Suður",4,"Svafar Helgason","cand ok","/kosningar2013/frambod/fulltrui/Svafar-Helgason/","Píratar",1,"/media/althingi2013/frambjodendur/Svafar_Helga_270483-5779_jpg_310x400_crop_upscale_q95.jpg"
"Suður",5,"Ágústa Erlingsdóttir","cand ok","/kosningar2013/frambod/fulltrui/Agusta-Erlingsdottir/","Píratar",1,"/media/althingi2013/frambjodendur/Agusta_Erlings_280780-3169_jpg_310x400_crop_upscale_q95.jpg"
"Suður",1,"Finnbogi Vikar","cand ok","/kosningar2013/frambod/fulltrui/Finnbogi-Vikar/","Lýðræðisvaktin",1,"/media/althingi2013/frambjodendur/Finnbogi_Vikar_jpg_310x400_crop_upscale_q95.jpg"
"Suður",2,"Kristín Ósk Wium","cand ok","/kosningar2013/frambod/fulltrui/Kristin-Osk-Wium/","Lýðræðisvaktin",1,"/media/althingi2013/frambjodendur/Krist%D0%B1n_%D1%80sk_Wiium_jpg_310x400_crop_upscale_q95.jpg"
"Suður",3,"Jón Gunnar Björgvinsson","cand ok","/kosningar2013/frambod/fulltrui/Jon-Gunnar-Bjorgvinsson/","Lýðræðisvaktin",1,"/media/althingi2013/frambjodendur/jonGunnar_jpg_310x400_crop_upscale_q95.jpg"
"Suður",4,"Sjöfn Rafnsdóttir","cand ok","/kosningar2013/frambod/fulltrui/Sjofn-Rafnsdottir/","Lýðræðisvaktin",1,"/media/althingi2013/frambjodendur/sjofn_jpg_310x400_crop_upscale_q95.jpg"
"Suður",5,"Þórir Baldursson","cand ok","/kosningar2013/frambod/fulltrui/THorir-Baldursson/","Lýðræðisvaktin",1,"/media/althingi2013/frambjodendur/thorirBaldurs_jpg_310x400_crop_upscale_q95.jpg"
"Suður",1,"Sigursveinn Þórðarson","cand ok","/kosningar2013/frambod/fulltrui/sigursveinn-thordarson/","Hægri Grænir",1,"/media/althingi2013/frambjodendur/Sigursveinn_%C3%9E%C3%B3r%C3%B0arson_1S_jpg_310x400_crop_upscale_q95.jpg"
"Suður",2,"Agla Þyri Kristjánsdóttir","cand ok","/kosningar2013/frambod/fulltrui/agla-thyri-kristjansdottir/","Hægri Grænir",1,"/media/althingi2013/frambjodendur/Agla_%C3%9E%C3%BDr%C3%AD_Kristj%C3%A1nsd%C3%B3ttir_2S_jpg_310x400_crop_upscale_q95.jpg"
"Suður",3,"Axel Óli Ægisson","cand ok","/kosningar2013/frambod/fulltrui/axel-oli-aegisson/","Hægri Grænir",1,"/media/althingi2013/frambjodendur/Axel_%C3%93li_%C3%86gisson_3S_jpg_310x400_crop_upscale_q95.jpg"
"Suður",4,"Þórarinn Björn Steinsson","cand ok","/kosningar2013/frambod/fulltrui/thorarinn-bjorn-steinsson/","Hægri Grænir",1,"/media/althingi2013/frambjodendur/%C3%9E%C3%B3rarinn_Bj%C3%B6rn_Steinsson_4S_jpg_310x400_crop_upscale_q95.jpg"
"Suður",5,"Jón Birgir Indriðason","cand not","/kosningar2013/frambod/fulltrui/jon-birgir-indridason/","Hægri Grænir",0,"/media/althingi2013/frambjodendur/J%C3%B3n_Birgir_Indri%C3%B0ason_5S_bmp_310x400_crop_upscale_q95.jpg"
"Reykjavík norður",1,"Björt Ólafsdóttir","cand ok","/kosningar2013/frambod/fulltrui/Bjort-Olafsdottir/","Björt framtíð",1,"/media/althingi2013/frambjodendur/Bj%D0%A4rt_%D1%80lafsd%D0%B2ttir_jpg_310x400_crop_upscale_q95.jpg"
"Reykjavík norður",2,"Heiða Kristín Helgadóttir","cand ok","/kosningar2013/frambod/fulltrui/Heida-Kristin-Helgadottir/","Björt framtíð",1,"/media/althingi2013/frambjodendur/Heia_Krist%D0%B1n_Helgad%D0%B2ttir_jpg_310x400_crop_upscale_q95.jpg"
"Reykjavík norður",3,"Eldar Ástþórsson","cand ok","/kosningar2013/frambod/fulltrui/Eldar-Astthorsson/","Björt framtíð",1,"/media/althingi2013/frambjodendur/Eldar_st%D1%87%D0%B2rsson_jpg_310x400_crop_upscale_q95.jpg"
"Reykjavík norður",4,"Friðrik Rafnsson","cand ok","/kosningar2013/frambod/fulltrui/Fridrik-Rafnsson/","Björt framtíð",1,"/media/althingi2013/frambjodendur/Fririk_Rafnsson_jpg_310x400_crop_upscale_q95.jpg"
"Reykjavík norður",5,"Jón Gnarr","cand not","/kosningar2013/frambod/fulltrui/Jon-Gnarr/","Björt framtíð",0,"/media/althingi2013/frambjodendur/J%D0%B2n_Gnarr_jpg_310x400_crop_upscale_q95.jpg"
"Reykjavík norður",1,"Illugi Gunnarsson","cand not","/kosningar2013/frambod/fulltrui/Illugi-Gunnarsson/","Sjálfstæðisflokkurinn",0,"/media/althingi2013/frambjodendur/DV1211129954_01_jpg_310x400_crop_upscale_q95.jpg"
"Reykjavík norður",2,"Brynjar Níelsson","cand not","/kosningar2013/frambod/fulltrui/Brynjar-Nielsson/","Sjálfstæðisflokkurinn",0,"/media/althingi2013/frambjodendur/Brynjar_N%C3%ADelsson_jpg_310x400_crop_upscale_q95.jpg"
"Reykjavík norður",3,"Birgir Ármannsson","cand not","/kosningar2013/frambod/fulltrui/Birgir-Armannsson/","Sjálfstæðisflokkurinn",0,"/media/althingi2013/frambjodendur/DV4438000000_XD_Reykjav%C3%ADk_su%C3%B0ur_14_jpg_310x400_crop_upscale_q95.jpg"
"Reykjavík norður",4,"Ingibjörg Óðinsdóttir","cand ok","/kosningar2013/frambod/fulltrui/Ingibjorg-Odinsdottir/","Sjálfstæðisflokkurinn",1,"/media/althingi2013/frambjodendur/Ingibj%C3%B6rg_%C3%93%C3%B0insd%C3%B3ttir_JPG_310x400_crop_upscale_q95.jpg"
"Reykjavík norður",5,"Elínbjörg Magnúsdóttir","cand ok","/kosningar2013/frambod/fulltrui/Elinbjorg-Magnusdottir/","Sjálfstæðisflokkurinn",1,"/media/althingi2013/frambjodendur/El%C3%ADnbj%C3%B6rg_Magn%C3%BAsd%C3%B3ttir_jpg_310x400_crop_upscale_q95.jpg"
"Reykjavík norður",1,"Össur Skarphéðinsson","cand not","/kosningar2013/frambod/fulltrui/Ossur-Skarphedinsson/","Samfylkingin",0,"/media/althingi2013/frambjodendur/DV0910221525_0_2_2_jpg_310x400_crop_upscale_q95.jpg"
"Reykjavík norður",2,"Valgerður Bjarnadóttir","cand ok","/kosningar2013/frambod/fulltrui/Valgerdur-Bjarnadottir/","Samfylkingin",1,"/media/althingi2013/frambjodendur/DV1204033088-003_jpg_310x400_crop_upscale_q95.jpg"
"Reykjavík norður",3,"Skúli Helgason","cand ok","/kosningar2013/frambod/fulltrui/Skuli-Helgason/","Samfylkingin",1,"/media/althingi2013/frambjodendur/DV120530374_14_jpg_310x400_crop_upscale_q95.jpg"
"Reykjavík norður",4,"Anna Margrét Guðjónsdóttir","cand ok","/kosningar2013/frambod/fulltrui/Anna-Margret-Gudjonsdottir/","Samfylkingin",1,"/media/althingi2013/frambjodendur/Anna_Margr%C3%A9t_Gu%C3%B0j%C3%B3nsd%C3%B3ttir_jpg_310x400_crop_upscale_q95.jpg"
"Reykjavík norður",5,"Teitur Atlason","cand ok","/kosningar2013/frambod/fulltrui/Teitur-Atlason/","Samfylkingin",1,"/media/althingi2013/frambjodendur/VI-_mg_6862_jpg_310x400_crop_upscale_q95.jpg"
"Reykjavík norður",1,"Frosti Sigurjónsson","cand ok","/kosningar2013/frambod/fulltrui/Frosti-Sigurjonsson/","Framsóknarflokkurinn",1,"/media/althingi2013/frambjodendur/DV1301301466_01_jpg_310x400_crop_upscale_q95.jpg"
"Reykjavík norður",2,"Sigrún Magnúsdóttir","cand not","/kosningar2013/frambod/fulltrui/Sigrun-Magnusdottir/","Framsóknarflokkurinn",0,"/media/althingi2013/frambjodendur/Sigr%C3%BAn_Magn%C3%BAsd%C3%B3ttir_jpg_310x400_crop_upscale_q95.jpg"
"Reykjavík norður",3,"Þorsteinn Magnússon","cand ok","/kosningar2013/frambod/fulltrui/THorsteinn-Magnusson/","Framsóknarflokkurinn",1,"/media/althingi2013/frambjodendur/%C3%9Eorsteinn_Magn%C3%BAsson_jpg_310x400_crop_upscale_q95.jpg"
"Reykjavík norður",4,"Fanný Gunnarsdóttir","cand ok","/kosningar2013/frambod/fulltrui/Fanny-Gunnarsdottir/","Framsóknarflokkurinn",1,"/media/althingi2013/frambjodendur/Fann%C3%BD_Gunnarsd%C3%B3ttir_jpg_310x400_crop_upscale_q95.jpg"
"Reykjavík norður",5,"Snædís Karlsdóttir","cand ok","/kosningar2013/frambod/fulltrui/Snaedis-Karlsdottir/","Framsóknarflokkurinn",1,"/media/althingi2013/frambjodendur/Sn%C3%A6d%C3%ADs_Karlsd%C3%B3ttir_jpg_310x400_crop_upscale_q95.jpg"
"Reykjavík norður",1,"Katrín Jakobsdóttir","cand ok","/kosningar2013/frambod/fulltrui/Katrin-Jakobsdottir/","Vinstri græn",1,"/media/althingi2013/frambjodendur/DV_VG_landsf_09_jpg_310x400_crop_upscale_q95.jpg"
"Reykjavík norður",2,"Árni Þór Sigurðsson","cand ok","/kosningar2013/frambod/fulltrui/Arni-THor-Sigurdsson/","Vinstri græn",1,"/media/althingi2013/frambjodendur/%C3%A1rni_%C3%BE%C3%B3r_sigur%C3%B0sson_2_jpg_310x400_crop_upscale_q95.jpg"
"Reykjavík norður",3,"Steinunn Þóra Árnadóttir","cand ok","/kosningar2013/frambod/fulltrui/Steinunn-THora-Arnadottir/","Vinstri græn",1,"/media/althingi2013/frambjodendur/Steinunn_%C3%9E%C3%B3ra_%C3%81rnad%C3%B3ttir_jpg_310x400_crop_upscale_q95.jpg"
"Reykjavík norður",4,"Björn Valur Gíslason","cand ok","/kosningar2013/frambod/fulltrui/Bjorn-Valur-Gislason/","Vinstri græn",1,"/media/althingi2013/frambjodendur/DV0904292358_2_jpg_310x400_crop_upscale_q95.jpg"
"Reykjavík norður",5,"Eyrún Eyþórsdóttir","cand ok","/kosningar2013/frambod/fulltrui/Eyrun-Eythorsdottir/","Vinstri græn",1,"/media/althingi2013/frambjodendur/Eyr%C3%BAn_Ey%C3%BE%C3%B3rsd%C3%B3ttir_jpg_310x400_crop_upscale_q95.jpg"
"Reykjavík norður",1,"Ólöf Guðný Valdimarsdóttir","cand ok","/kosningar2013/frambod/fulltrui/Olof-Gudny-Valdimarsdottir/","Dögun",1,"/media/althingi2013/frambjodendur/%C3%93l%C3%B6f_Gu%C3%B0n%C3%BD_Valdimarsd%C3%B3ttir_jpg_310x400_crop_upscale_q95.jpg"
"Reykjavík norður",2,"Hólmsteinn Brekkan","cand ok","/kosningar2013/frambod/fulltrui/Holmsteinn-Brekkan/","Dögun",1,"/media/althingi2013/frambjodendur/H%C3%B3lmsteinn_Brekkan_jpg_310x400_crop_upscale_q95.jpg"
"Reykjavík norður",3,"Ása Lind Finnbogadóttir","cand ok","/kosningar2013/frambod/fulltrui/Asa-Lind-Finnbogadottir/","Dögun",1,"/media/althingi2013/frambjodendur/%C3%81sa_Lind_Finnbogad%C3%B3ttir_jpg_310x400_crop_upscale_q95.jpg"
"Reykjavík norður",4,"Friðrik Þór Guðmundsson","cand ok","/kosningar2013/frambod/fulltrui/Fridrik-THor-Gudmundsson/","Dögun",1,"/media/althingi2013/frambjodendur/Fri%C3%B0rik_%C3%9E%C3%B3r_Gu%C3%B0mundsson_jpg_310x400_crop_upscale_q95.jpg"
"Reykjavík norður",5,"Hólmfríður Berentsdóttir","cand ok","/kosningar2013/frambod/fulltrui/Holmfridur-Berentsdottir/","Dögun",1,"/media/althingi2013/frambjodendur/H%C3%B3lmfr%C3%AD%C3%B0ur_Berentsd%C3%B3ttir_jpg_310x400_crop_upscale_q95.jpg"
"Reykjavík norður",1,"Helgi Hrafn Gunnarsson","cand ok","/kosningar2013/frambod/fulltrui/Helgi-Hrafn-Gunnarsson/","Píratar",1,"/media/althingi2013/frambjodendur/DV_piratar_02_jpg_310x400_crop_upscale_q95.jpg"
"Reykjavík norður",2,"Halldóra Mogensen","cand ok","/kosningar2013/frambod/fulltrui/Halldora-Mogensen/","Píratar",1,"/media/althingi2013/frambjodendur/Halldora_Mog_110779-4619_jpg_310x400_crop_upscale_q95.jpg"
"Reykjavík norður",3,"Bjarni Rúnar Einarsson","cand ok","/kosningar2013/frambod/fulltrui/Bjarni-Runar-Einarsson/","Píratar",1,"/media/althingi2013/frambjodendur/Bjarni_Runar_300476-4229_jpg_310x400_crop_upscale_q95.jpg"
"Reykjavík norður",4,"Salvör Kristjana Gissurardóttir","cand ok","/kosningar2013/frambod/fulltrui/Salvor-Kristjana-Gissurardottir/","Píratar",1,"/media/althingi2013/nopic.jpg"
"Reykjavík norður",5,"Þórður Sveinsson","cand ok","/kosningar2013/frambod/fulltrui/THordur-Sveinsson/","Píratar",1,"/media/althingi2013/nopic.jpg"
"Reykjavík norður",1,"Þorvaldur Gylfason","cand ok","/kosningar2013/frambod/fulltrui/THorvaldur-Gylfason/","Lýðræðisvaktin",1,"/media/althingi2013/frambjodendur/%D1%88orvaldur_Gylfason_jpg_310x400_crop_upscale_q95.jpg"
"Reykjavík norður",2,"Egill Ólafsson","cand not","/kosningar2013/frambod/fulltrui/Egill-Olafsson/","Lýðræðisvaktin",0,"/media/althingi2013/frambjodendur/Egill_%D1%80lafsson_jpg_310x400_crop_upscale_q95.jpg"
"Reykjavík norður",3,"Sigríður Ólafsdóttir","cand ok","/kosningar2013/frambod/fulltrui/Sigridur-Olafsdottir/","Lýðræðisvaktin",1,"/media/althingi2013/frambjodendur/sigridurOlafs_jpg_310x400_crop_upscale_q95.jpg"
"Reykjavík norður",4,"Viktor Orri Valgarðsson","cand ok","/kosningar2013/frambod/fulltrui/Viktor-Orri-Valgardsson/","Lýðræðisvaktin",1,"/media/althingi2013/frambjodendur/Viktor_Orri_Valgarsson_jpg_310x400_crop_upscale_q95.jpg"
"Reykjavík norður",5,"Jenný Stefanía Jensdóttir","cand ok","/kosningar2013/frambod/fulltrui/Jenny-Stefania-Jensdottir/","Lýðræðisvaktin",1,"/media/althingi2013/frambjodendur/jenny_jpg_310x400_crop_upscale_q95.jpg"
"Reykjavík norður",1,"Kjartan Örn Kjartansson","cand not","/kosningar2013/frambod/fulltrui/kjartan-orn-kjartansson/","Hægri Grænir",0,"/media/althingi2013/frambjodendur/Kjartan_%C3%96rn_Kjartansson_1RN_jpg_310x400_crop_upscale_q95.jpg"
"Reykjavík norður",2,"Björn Torfi Hauksson","cand ok","/kosningar2013/frambod/fulltrui/bjorn-torfi-hauksson/","Hægri Grænir",1,"/media/althingi2013/frambjodendur/Bj%C3%B6rn_Torfi_Hauksson_2RN_jpg_310x400_crop_upscale_q95.jpg"
"Reykjavík norður",3,"Kristján Orri Jóhannsson","cand ok","/kosningar2013/frambod/fulltrui/kristjan-orri-johannsson/","Hægri Grænir",1,"/media/althingi2013/frambjodendur/Kristj%C3%A1n_Orri_J%C3%B3hannsson_3RN_jpg_310x400_crop_upscale_q95.jpg"
"Reykjavík norður",4,"Sigríður Dröfn Tómasdóttir","cand not","/kosningar2013/frambod/fulltrui/sigridur-drofn-tomasdottir/","Hægri Grænir",0,"/media/althingi2013/frambjodendur/Sigr%C3%AD%C3%B0ur_Dr%C3%B6fn_T%C3%B3masd%C3%B3ttir_4RN_jpg_310x400_crop_upscale_q95.jpg"
"Reykjavík norður",5,"Grétar Ómarsson","cand not","/kosningar2013/frambod/fulltrui/gretar-omarsson/","Hægri Grænir",0,"/media/althingi2013/frambjodendur/Gr%C3%A9tar_%C3%93marsson_5RN_JPG_310x400_crop_upscale_q95.jpg"
